Index,Plant_name,scientific_name,class ,order,description,advantages,disadvantages,,Url
0,Alpinia Galanga (Rasna),Alpinia galanga,Magnoliopsida (Dicots), Zingiberales,"Alpinia galanga, commonly known as Greater Galangal, is a rhizomatous plant native to Southeast Asia. It is widely used in traditional medicine and as a spice in cooking. The plant is aromatic, with its rhizomes having a pungent flavor, often compared to ginger. It has anti-inflammatory, antimicrobial, and digestive properties."," Used to reduce inflammation, making it helpful for conditions like arthritis.",Some individuals may experience allergic reactions such as skin irritation or respiratory discomfort.,,https://www.archanaskitchen.com/images/Rasna_Alpinia_Galanga_Ayurdevic_Medicinal_Plant_3.jpg
1,Amaranthus Viridis (Arive-Dantu),Amaranthus viridis,Magnoliopsida (Dicots),Caryophyllales,"Commonly known as Green Amaranth, this herbaceous plant is a fast-growing leafy vegetable and weed found in tropical and subtropical regions. It is rich in iron, calcium, and vitamins. The leaves are used in traditional cooking and for treating digestive issues, fever, and inflammation.","Known for being a good plant-based protein source, especially beneficial for vegetarians and vegans.","May accumulate nitrates from the soil, especially if grown in contaminated areas, which can convert into harmful nitrites in the body",,https://tse2.mm.bing.net/th?id=OIP.gQUugT0P9khBK9Ltq2ZU-wHaHa&pid=Api&P=0&h=180
2,Artocarpus Heterophyllus (Jackfruit),Artocarpus heterophyllus,Magnoliopsida (Dicots),Rosales,"Jackfruit is the largest tree-borne fruit, native to South Asia. The tree is evergreen and produces sweet, fibrous, and starchy fruits consumed fresh or cooked. Jackfruit seeds are also edible and nutritious. The tree is valued for its timber, and its leaves are used as fodder.","Despite its sweetness, jackfruit is relatively low in calories, making it suitable for healthy diets.","Some individuals may be allergic to jackfruit, experiencing symptoms such as itching, swelling, or breathing difficulties",,https://encrypted-tbn0.gstatic.com/images?q=tbn:ANd9GcTkFQQAcxTILgwCTMb_x9OhFGheU4kLc86_fA&s
3,Azadirachta Indica (Neem),Azadirachta indica,Magnoliopsida (Dicots),Sapindales,"Neem is a fast-growing, evergreen tree native to the Indian subcontinent. It is highly regarded in Ayurveda for its antifungal, antibacterial, and anti-inflammatory properties. Neem leaves, bark, seeds, and oil are used for medicinal, agricultural, and cosmetic purposes.","Neem supports the immune system, helping the body fight off infections and diseases.","Overconsumption of neem leaves or products may cause stomach upset, nausea, or diarrhea.",,https://www.cifor.org/wp-content/uploads/2021/04/Azadirachta-indica.png
4,Basella Alba (Basale), Basella alba,Magnoliopsida (Dicots),Caryophyllales,"Known as Malabar Spinach, this vine is a fast-growing perennial found in tropical Asia and Africa. Its leaves are rich in vitamins A and C and are used in soups and curries. The plant has cooling and laxative properties.","Improves digestion, prevents constipation, and supports gut health.","Excessive consumption may lead to bloating, gas, or mild stomach upset due to its high fiber content.",,https://upload.wikimedia.org/wikipedia/commons/thumb/5/56/Basella_alba_leaves_27052014.jpg/220px-Basella_alba_leaves_27052014.jpg
5,Brassica Juncea (Indian Mustard),Brassica juncea,Magnoliopsida (Dicots),Brassicales,"Indian Mustard is cultivated for its seeds, which are used to produce mustard oil and condiments. The leaves are consumed as a green vegetable. It has anti-inflammatory properties and is used in traditional medicine for rheumatism and colds.","Mustard seeds can boost metabolism, aiding in fat burning and weight management",Mustard oil should be used cautiously during pregnancy. It has been associated with potential toxicity and may cause harm to the fetus in large quantities.,,https://organicbazar.net/cdn/shop/files/Untitled-design-2022-06-05T114137.128.jpg?v=1724911156
6,Carissa Carandas (Karanda),Carissa carandas,Magnoliopsida (Dicots), Gentianales,"Karanda is a shrub that bears small, tangy fruits used in pickles and jams. It is a drought-resistant plant with high medicinal value, including antidiabetic and antioxidant properties.","Rich in vitamin C, iron, and antioxidants, it helps boost immunity and prevent diseases.","The plant has sharp thorns, which can make harvesting and handling difficult.",,https://in.images.search.yahoo.com/images/view;_ylt=Awr1WTW4iaNnHlUuSsi9HAx.;_ylu=c2VjA3NyBHNsawNpbWcEb2lkA2U3NmJhNTMxNTczYzQxNjJhYTJhMzgyYjA5ZjY1MTA5BGdwb3MDMgRpdANiaW5n?back=https%3A%2F%2Fin.images.search.yahoo.com%2Fsearch%2Fimages%3Fp%3DCarissa%2BCarandas%2B%2528Karanda%2529%26ei%3DUTF-8%26type%3DE210IN1589G0%26fr%3Dmcafee%26fr2%3Dp%253As%252Cv%253Ai%252Cm%253Asb-top%26tab%3Dorganic%26ri%3D2&w=1200&h=900&imgurl=http2.mlstatic.com%2Fcarissa-carandas-karanda-sementes-fruta-para-mudas-e-bonsai-D_NQ_NP_359311-MLB20536579929_012016-F.jpg&rurl=https%3A%2F%2Fproduto.mercadolivre.com.br%2FMLB-732848186-carissa-carandas-karanda-sementes-fruta-para-mudas-e-bonsai-_JM&size=161KB&p=Carissa+Carandas+%28Karanda%29&oid=e76ba531573c4162aa2a382b09f65109&fr2=p%3As%2Cv%3Ai%2Cm%3Asb-top&fr=mcafee&tt=Carissa+Carandas+Karanda+Sementes+Fruta+Para+Mudas+E+Bonsai+-+R%24+20%2C01+...&b=0&ni=160&no=2&ts=&tab=organic&sigr=27EWtjuuqKuO&sigb=Kfz.TM_aXpVx&sigi=sevMiuMM11SJ&sigt=hdFZ7jk3iEUl&.crumb=OZmGiL3vF57&fr=mcafee&fr2=p%3As%2Cv%3Ai%2Cm%3Asb-top&type=E210IN1589G0
7,Citrus Limon (Lemon),Citrus limon,Magnoliopsida (Dicots), Sapindales,"Lemon is a small evergreen tree cultivated for its sour fruits. Lemons are rich in vitamin C and are widely used in culinary applications, cleaning products, and traditional medicine to treat scurvy and colds.","High in vitamin C, supporting immunity and skin health.",Excessive consumption can lead to acid reflux or worsen conditions like GERD (gastroesophageal reflux disease).,,https://in.images.search.yahoo.com/images/view;_ylt=Awr1WTXOiaNniikuwOG9HAx.;_ylu=c2VjA3NyBHNsawNpbWcEb2lkA2RjZjBlMDYyNzA3NzkwYWJjOTU5M2ExOWUyZWRhZDUwBGdwb3MDMgRpdANiaW5n?back=https%3A%2F%2Fin.images.search.yahoo.com%2Fsearch%2Fimages%3Fp%3DCitrus%2BLimon%2B%2528Lemon%2529%26ei%3DUTF-8%26type%3DE210IN1589G0%26fr%3Dmcafee%26fr2%3Dp%253As%252Cv%253Ai%252Cm%253Asb-top%26tab%3Dorganic%26ri%3D2&w=1280&h=960&imgurl=upload.wikimedia.org%2Fwikipedia%2Fcommons%2Fe%2Fe4%2FP1030323.JPG&rurl=https%3A%2F%2Fen.wikipedia.org%2Fwiki%2FLemon&size=362KB&p=Citrus+Limon+%28Lemon%29&oid=dcf0e062707790abc9593a19e2edad50&fr2=p%3As%2Cv%3Ai%2Cm%3Asb-top&fr=mcafee&tt=Lemon+-+Wikipedia&b=0&ni=160&no=2&ts=&tab=organic&sigr=HH2uqLbdTHCV&sigb=vWwYNoMKJVpI&sigi=6iQN0p0jGp2e&sigt=yjhfbFqZeNsq&.crumb=OZmGiL3vF57&fr=mcafee&fr2=p%3As%2Cv%3Ai%2Cm%3Asb-top&type=E210IN1589G0
8,Ficus Auriculata (Roxburgh fig),Ficus auriculata,Magnoliopsida (Dicots),Rosales,This deciduous tree is known for its large leaves and edible fruits. The fruits are consumed fresh or dried and are used to treat gastrointestinal disorders. The tree is also valued for soil conservation.,"The fruit is rich in dietary fiber, vitamins, and minerals, supporting digestive health and overall nutrition.","In some areas, the tree might grow aggressively, competing with other vegetation and potentially becoming invasive.",,https://in.images.search.yahoo.com/images/view;_ylt=Awr1WTXkiaNnwaovIy.9HAx.;_ylu=c2VjA3NyBHNsawNpbWcEb2lkAzNkMTdlNDU3ZWU2YzljYjFmY2MwZTRiOTEyN2YyMjE3BGdwb3MDMTMEaXQDYmluZw--?back=https%3A%2F%2Fin.images.search.yahoo.com%2Fsearch%2Fimages%3Fp%3DFicus%2BAuriculata%2B%2528Roxburgh%2Bfig%2529%26ei%3DUTF-8%26type%3DE210IN1589G0%26fr%3Dmcafee%26fr2%3Dp%253As%252Cv%253Ai%252Cm%253Asb-top%26tab%3Dorganic%26ri%3D13&w=1300&h=1334&imgurl=www.alamy.com%2Faggregator-api%2Fdownload%3Furl%3Dhttps%3A%2F%2Fc8.alamy.com%2Fcomp%2F2JPT0B5%2Fficus-auriculata-roxburgh-fig-close-up-of-fruits-on-a-tree-2JPT0B5.jpg&rurl=https%3A%2F%2Fwww.alamy.com%2Fficus-auriculata-roxburgh-fig-close-up-of-fruits-on-a-tree-image478729529.html&size=232KB&p=Ficus+Auriculata+%28Roxburgh+fig%29&oid=3d17e457ee6c9cb1fcc0e4b9127f2217&fr2=p%3As%2Cv%3Ai%2Cm%3Asb-top&fr=mcafee&tt=Ficus+auriculata%2C+Roxburgh+Fig+close+up+of+fruits+on+a+tree+Stock+Photo+...&b=0&ni=160&no=13&ts=&tab=organic&sigr=WAniqi091M.5&sigb=vwMN3cAxUNUJ&sigi=jOHPy6bn1LgN&sigt=muww12C2Ip1b&.crumb=OZmGiL3vF57&fr=mcafee&fr2=p%3As%2Cv%3Ai%2Cm%3Asb-top&type=E210IN1589G0
9,Ficus Religiosa (Peepal Tree), Ficus religiosa,Magnoliopsida (Dicots), Rosales,"Revered in many cultures, the Peepal Tree is a large, long-living tree with heart-shaped leaves. It plays a role in traditional medicine for treating asthma, diabetes, and skin diseases.","The Peepal tree releases oxygen 24/7, making it highly beneficial for air quality.","Its roots can grow into building foundations, walls, and pipelines, causing structural damage.",,https://in.images.search.yahoo.com/images/view;_ylt=Awr1WTUFiqNnxigvDmm9HAx.;_ylu=c2VjA3NyBHNsawNpbWcEb2lkAzgzYzJkMmViNThkYmM4ZTQ2ODdjNzM1NzgzMmNlMWRhBGdwb3MDNgRpdANiaW5n?back=https%3A%2F%2Fin.images.search.yahoo.com%2Fsearch%2Fimages%3Fp%3DFicus%2BReligiosa%2B%2528Peepal%2BTree%2529%26ei%3DUTF-8%26type%3DE210IN1589G0%26fr%3Dmcafee%26fr2%3Dp%253As%252Cv%253Ai%252Cm%253Asb-top%26tab%3Dorganic%26ri%3D6&w=600&h=600&imgurl=econutplants.com%2Fwp-content%2Fuploads%2F2021%2F04%2Fpeepal-tree.jpg&rurl=https%3A%2F%2Feconutplants.com%2Fproduct%2Fpeepal-tree-ficus-religiosa-sacred-fig-plant&size=76KB&p=Ficus+Religiosa+%28Peepal+Tree%29&oid=83c2d2eb58dbc8e4687c7357832ce1da&fr2=p%3As%2Cv%3Ai%2Cm%3Asb-top&fr=mcafee&tt=Buy+Peepal+Tree+%28Ficus+Religiosa%29+in+India+from+Econut+Plants&b=0&ni=160&no=6&ts=&tab=organic&sigr=IbxldhzYmuYd&sigb=3sh5lsv2SfPD&sigi=OGaTt54r.PBS&sigt=B2S9mzbvFMlm&.crumb=OZmGiL3vF57&fr=mcafee&fr2=p%3As%2Cv%3Ai%2Cm%3Asb-top&type=E210IN1589G0
10,Hibiscus Rosa-sinensis,Hibiscus rosa-sinensis,Magnoliopsida (Dicots),Malvales,"Known as Chinese Hibiscus, this ornamental plant bears large, colorful flowers. It is used in traditional medicine for hair care, treating fevers, and as an anti-inflammatory agent.","The plant produces vibrant, large flowers that add aesthetic appeal to gardens and landscapes.","The blooms are short-lived, typically lasting only a day or two.",,https://in.images.search.yahoo.com/images/view;_ylt=Awr1WTU8iqNn5Z8tdB69HAx.;_ylu=c2VjA3NyBHNsawNpbWcEb2lkAzRmMTkzNGNjMzViYzJlMWZjYmRiYjRkOTdiNGE2YmY5BGdwb3MDMQRpdANiaW5n?back=https%3A%2F%2Fin.images.search.yahoo.com%2Fsearch%2Fimages%3Fp%3DHibiscus%2BRosa-sinensis%26ei%3DUTF-8%26type%3DE210IN1589G0%26fr%3Dmcafee%26fr2%3Dp%253As%252Cv%253Ai%252Cm%253Asb-top%26tab%3Dorganic%26ri%3D1&w=3872&h=2592&imgurl=upload.wikimedia.org%2Fwikipedia%2Fcommons%2F8%2F82%2FHibiscus_rosa-sinensis_flower_2.JPG&rurl=http%3A%2F%2Fcommons.wikimedia.org%2Fwiki%2FFile%3AHibiscus_rosa-sinensis_flower_2.JPG&size=2311KB&p=Hibiscus+Rosa-sinensis&oid=4f1934cc35bc2e1fcbdbb4d97b4a6bf9&fr2=p%3As%2Cv%3Ai%2Cm%3Asb-top&fr=mcafee&tt=File%3AHibiscus+rosa-sinensis+flower+2.JPG+-+Wikimedia+Commons&b=0&ni=160&no=1&ts=&tab=organic&sigr=.XYaipWlRiW8&sigb=loa.VEmSkLcC&sigi=mz8mjLVe7hFP&sigt=Z6mH6BambeUC&.crumb=OZmGiL3vF57&fr=mcafee&fr2=p%3As%2Cv%3Ai%2Cm%3Asb-top&type=E210IN1589G0
11,Jasminum (Jasmine),Jasminum spp,Magnoliopsida (Dicots), Lamiales,"Jasmine plants are valued for their fragrant flowers, used in perfumery and essential oils. They are also used in teas and traditional medicine for relaxation and treating skin issues.","Used in traditional medicine to treat headaches, depression, and anxiety.",Requires regular pruning to manage growth and encourage flowering,,https://plantparadise.in/cdn/shop/products/Jasminummultiflorumnatureboysumanthimage3.jpg?v=1691200599
12,Mangifera Indica (Mango),Mangifera indica,Magnoliopsida (Dicots),Sapindales,"Mango is a tropical fruit tree cultivated for its sweet, juicy fruits. Rich in vitamins A and C, mangoes are consumed fresh or processed. The leaves and bark are used in traditional medicine for treating diabetes and diarrhea.",High antioxidant content helps combat free radicals and boost immunity.,"Sensitive to frost, prolonged drought, and waterlogging",,https://in.images.search.yahoo.com/images/view;_ylt=AwrKGFVziqNnSqE1hxq9HAx.;_ylu=c2VjA3NyBHNsawNpbWcEb2lkA2NhNzk4MDU4ODgzY2JhMjJiNmExOGU5NjhhMGRlZDNjBGdwb3MDMwRpdANiaW5n?back=https%3A%2F%2Fin.images.search.yahoo.com%2Fsearch%2Fimages%3Fp%3DMangifera%2BIndica%2B%2528Mango%2529%26ei%3DUTF-8%26type%3DE210IN1589G0%26fr%3Dmcafee%26fr2%3Dp%253As%252Cv%253Ai%252Cm%253Asb-top%26tab%3Dorganic%26ri%3D3&w=900&h=900&imgurl=www.gowthaminursery.in%2Fwp-content%2Fuploads%2F2020%2F12%2FMANGO-Mangifera-Indica-3.jpg&rurl=https%3A%2F%2Fwww.gowthaminursery.in%2Fproduct%2Fmango-mangifera-indica%2F&size=165KB&p=Mangifera+Indica+%28Mango%29&oid=ca798058883cba22b6a18e968a0ded3c&fr2=p%3As%2Cv%3Ai%2Cm%3Asb-top&fr=mcafee&tt=MANGO+-+Mangifera+Indica+-+Gowthami+Nursery&b=0&ni=160&no=3&ts=&tab=organic&sigr=kgx5YwFSOBzF&sigb=XxGpLA31AmMN&sigi=ztybi22nWzn1&sigt=1wqb9ngBaNrq&.crumb=OZmGiL3vF57&fr=mcafee&fr2=p%3As%2Cv%3Ai%2Cm%3Asb-top&type=E210IN1589G0
13,Mentha (Mint),Mentha spp.,Magnoliopsida (Dicots),Lamiales,"Mint is a herbaceous perennial plant with aromatic leaves. It is used in culinary dishes, teas, and traditional medicine for its cooling and digestive properties.","Contains vitamins (A and C), minerals (iron, calcium), and antioxidants that support overall health.",Fungal diseases such as rust or mildew can occur in overly humid conditions,,https://in.images.search.yahoo.com/images/view;_ylt=AwrKGFWdiqNnXm43Bh29HAx.;_ylu=c2VjA3NyBHNsawNpbWcEb2lkA2Y1MzFjZTg2ZTI2ZmIxYTgxZWU5ZjlkMTNlNTA0Yzc2BGdwb3MDMgRpdANiaW5n?back=https%3A%2F%2Fin.images.search.yahoo.com%2Fsearch%2Fimages%3Fp%3DMentha%2B%2528Mint%2529%26ei%3DUTF-8%26type%3DE210IN1589G0%26fr%3Dmcafee%26fr2%3Dp%253As%252Cv%253Ai%252Cm%253Asb-top%26tab%3Dorganic%26ri%3D2&w=1600&h=1067&imgurl=1.bp.blogspot.com%2F-Fbtu8f_Tra8%2FXs-ebihY-CI%2FAAAAAAAAGOs%2Fo7xT2oLOuesU-j7MMbB0VcmeBSMtuEgwQCLcBGAsYHQ%2Fs1600%2F27931664225_3decab579d_k.jpg&rurl=https%3A%2F%2Ftravaldo.blogspot.com%2F2020%2F05%2Fmentha-plant-mint-care-and-culture.html&size=347KB&p=Mentha+%28Mint%29&oid=f531ce86e26fb1a81ee9f9d13e504c76&fr2=p%3As%2Cv%3Ai%2Cm%3Asb-top&fr=mcafee&tt=Mentha+plant+-+Mint+care+and+culture+%7C+Travaldo%26%2339%3Bs+blog&b=0&ni=160&no=2&ts=&tab=organic&sigr=x22bNmON8Ima&sigb=665FxgGMkDBK&sigi=7ZDZrgwrSloB&sigt=EEQ9sZ.iha42&.crumb=OZmGiL3vF57&fr=mcafee&fr2=p%3As%2Cv%3Ai%2Cm%3Asb-top&type=E210IN1589G0
14,Moringa Oleifera (Drumstick),Moringa oleifera,Magnoliopsida (Dicots),Brassicales,"Often referred to as the ""Miracle Tree,"" Moringa is rich in nutrients and antioxidants. Its leaves, pods, seeds, and roots are used in food and medicine for treating malnutrition, inflammation, and infections.","High in vitamins (A, C, E), minerals (calcium, potassium, and iron), and protein.","Can become invasive in certain regions, competing with native plants",,https://in.images.search.yahoo.com/images/view;_ylt=AwrKGFW1iqNn2Po2_1e9HAx.;_ylu=c2VjA3NyBHNsawNpbWcEb2lkA2M1YWJhNTE0MGQ4NDY5MzY0ZTU1ZmQ2M2NmYTZlOGExBGdwb3MDNARpdANiaW5n?back=https%3A%2F%2Fin.images.search.yahoo.com%2Fsearch%2Fimages%3Fp%3DMoringa%2BOleifera%2B%2528Drumstick%2529%26ei%3DUTF-8%26type%3DE210IN1589G0%26fr%3Dmcafee%26fr2%3Dp%253As%252Cv%253Ai%252Cm%253Asb-top%26tab%3Dorganic%26ri%3D4&w=800&h=800&imgurl=wildroots.in%2Fwp-content%2Fuploads%2F2023%2F06%2Fmoringa1.jpg&rurl=https%3A%2F%2Fwildroots.in%2Fshop%2Foutdoor-plants%2Ffruit-plants%2Fmoringa-oleifera-drumstick-tree-sahjan-tree-plant%2F&size=70KB&p=Moringa+Oleifera+%28Drumstick%29&oid=c5aba5140d8469364e55fd63cfa6e8a1&fr2=p%3As%2Cv%3Ai%2Cm%3Asb-top&fr=mcafee&tt=Moringa+oleifera%2C+Drumstick+tree%2C+Sahjan+Tree-+Plant+%E2%80%93+Wild+Roots&b=0&ni=160&no=4&ts=&tab=organic&sigr=vzNbQH0enlw5&sigb=mGlb47QvmUzM&sigi=8mMhCqkR5S6P&sigt=HT0hFKUAmIle&.crumb=OZmGiL3vF57&fr=mcafee&fr2=p%3As%2Cv%3Ai%2Cm%3Asb-top&type=E210IN1589G0
15,Muntingia Calabura (Jamaica Cherry-Gasagase),Muntingia calabura,Magnoliopsida (Dicots),Malvales,"This fast-growing tree produces small, sweet, cherry-like fruits. The fruits are rich in antioxidants, and the plant is used in traditional medicine for treating ulcers and pain.","The small, sweet fruits are edible and can be consumed fresh or used in jams, desserts, and drinks.",The wood is soft and not durable for long-term construction or heavy-duty uses.,,https://in.images.search.yahoo.com/images/view;_ylt=AwrKGFXaiqNn7o43nQ69HAx.;_ylu=c2VjA3NyBHNsawNpbWcEb2lkAzQwYzY0MGM0YTlmZjU4MWU0ZTQ1ZDU1MGE3ZmJmZDNkBGdwb3MDNARpdANiaW5n?back=https%3A%2F%2Fin.images.search.yahoo.com%2Fsearch%2Fimages%3Fp%3DMuntingia%2BCalabura%2B%2528Jamaica%2BCherry-Gasagase%2529%26ei%3DUTF-8%26type%3DE210IN1589G0%26fr%3Dmcafee%26fr2%3Dp%253As%252Cv%253Ai%252Cm%253Asb-top%26tab%3Dorganic%26ri%3D4&w=800&h=600&imgurl=thumbs.dreamstime.com%2Fb%2Fmuntingia-calabura-jamaica-cherry-panama-singapore-strawberry-tree-jam-calabura-----family--muntingiaceae-jamaica-cotton-184791790.jpg&rurl=https%3A%2F%2Fwww.dreamstime.com%2Fmuntingia-calabura-jamaica-cherry-panama-singapore-strawberry-tree-jam-calabura-----family--muntingiaceae-jamaica-cotton-image184791790&size=90KB&p=Muntingia+Calabura+%28Jamaica+Cherry-Gasagase%29&oid=40c640c4a9ff581e4e45d550a7fbfd3d&fr2=p%3As%2Cv%3Ai%2Cm%3Asb-top&fr=mcafee&tt=Muntingia+Calabura%2C+Jamaica+Cherry%2C+Panama+Cherry%2C+Singapore+Cherry+...&b=0&ni=160&no=4&ts=&tab=organic&sigr=iA8bgs5.slAB&sigb=v_EdZyNOLkrW&sigi=1eFSfgWtOC7K&sigt=ugKEJqEszIUu&.crumb=OZmGiL3vF57&fr=mcafee&fr2=p%3As%2Cv%3Ai%2Cm%3Asb-top&type=E210IN1589G0
16,Murraya Koenigii (Curry),Murraya koenigii,Magnoliopsida (Dicots),Sapindales,"Curry leaves are aromatic and widely used in Indian cuisine. They have antimicrobial, anti-inflammatory, and digestive properties and are used in traditional medicine for diabetes and hair care.","Rich in essential nutrients like calcium, iron, magnesium, phosphorus, and vitamins A, B, C, and E","Vulnerable to pests like aphids, scale insects, and caterpillars.",,https://in.images.search.yahoo.com/images/view;_ylt=AwrKGFX8iqNnXm43.CW9HAx.;_ylu=c2VjA3NyBHNsawNpbWcEb2lkA2FmNGRmYmZkNDY2Mzk4NDhkMjZlMWFlYzVhMmVjZWNhBGdwb3MDOQRpdANiaW5n?back=https%3A%2F%2Fin.images.search.yahoo.com%2Fsearch%2Fimages%3Fp%3DMurraya%2BKoenigii%2B%2528Curry%2529%26ei%3DUTF-8%26type%3DE210IN1589G0%26fr%3Dmcafee%26fr2%3Dp%253As%252Cv%253Ai%252Cm%253Asb-top%26tab%3Dorganic%26ri%3D9&w=532&h=532&imgurl=www.olelantanaseeds.com.au%2Fwp-content%2Fuploads%2F2021%2F11%2FMurraya-koenigii-03-e1637406507425.jpg&rurl=https%3A%2F%2Fwww.olelantanaseeds.com.au%2Fproduct%2Fmurraya-koenigii-curry-leaf-bush-seeds-x10%2F&size=50KB&p=Murraya+Koenigii+%28Curry%29&oid=af4dfbfd46639848d26e1aec5a2ececa&fr2=p%3As%2Cv%3Ai%2Cm%3Asb-top&fr=mcafee&tt=Murraya+koenigii+-+Curry+Leaf+Bush+seeds+x10+-+Ole+Lantana%26%2339%3Bs+Seed+Store&b=0&ni=160&no=9&ts=&tab=organic&sigr=PKEbcefbqJYK&sigb=4RBsuATppfi6&sigi=6vkMDYbkQusj&sigt=QTehzr_H4Prb&.crumb=OZmGiL3vF57&fr=mcafee&fr2=p%3As%2Cv%3Ai%2Cm%3Asb-top&type=E210IN1589G0
17,Nerium Oleander (Oleander),Nerium oleander,Magnoliopsida (Dicots),Gentianales,"Oleander is a toxic yet ornamental shrub with fragrant flowers. Despite its toxicity, it is used in small doses in traditional medicine for treating heart conditions and skin disorders.","Highly drought-tolerant and thrives in poor soils, making it suitable for dry or arid regions.",Handling the plant without gloves may cause skin irritation in sensitive individuals.,,https://in.images.search.yahoo.com/images/view;_ylt=AwrKGFUdi6NnALM2M429HAx.;_ylu=c2VjA3NyBHNsawNpbWcEb2lkAzliM2U0YjdhMTE2YjQwZjA0YWRhZjg1YzNiZDUwOWNiBGdwb3MDNQRpdANiaW5n?back=https%3A%2F%2Fin.images.search.yahoo.com%2Fsearch%2Fimages%3Fp%3DNerium%2BOleander%2B%2528Oleander%2529%26ei%3DUTF-8%26type%3DE210IN1589G0%26fr%3Dmcafee%26fr2%3Dp%253As%252Cv%253Ai%252Cm%253Asb-top%26tab%3Dorganic%26ri%3D5&w=1200&h=832&imgurl=upload.wikimedia.org%2Fwikipedia%2Fcommons%2Fthumb%2F8%2F8b%2FNerium_oleander_pink.jpg%2F1200px-Nerium_oleander_pink.jpg&rurl=https%3A%2F%2Fcommons.wikimedia.org%2Fwiki%2FFile%3ANerium_oleander_pink.jpg&size=126KB&p=Nerium+Oleander+%28Oleander%29&oid=9b3e4b7a116b40f04adaf85c3bd509cb&fr2=p%3As%2Cv%3Ai%2Cm%3Asb-top&fr=mcafee&tt=File%3ANerium+oleander+pink.jpg+-+Wikimedia+Commons&b=0&ni=160&no=5&ts=&tab=organic&sigr=Fix_4B4zGre4&sigb=HK529S_1LJrP&sigi=TLXnazUvQ7pd&sigt=Xlw9D0CvLtuT&.crumb=OZmGiL3vF57&fr=mcafee&fr2=p%3As%2Cv%3Ai%2Cm%3Asb-top&type=E210IN1589G0
18,Nyctanthes Arbor-tristis (Parijata), Nyctanthes arbor-tristis,Magnoliopsida (Dicots),Lamiales,"Parijata is a sacred plant with fragrant flowers that bloom at night. It is used in traditional medicine to treat fever, arthritis, and respiratory ailments.","The leaves are used to treat joint pain, malaria, and fever.",Regular cleaning is required as the fallen flowers can litter the ground.,,https://tse4.mm.bing.net/th?id=OIP.qYi3hDX3dYfQRWC0KxJdAwHaJd&pid=Api&P=0&h=180
19,Ocimum Tenuiflorum (Tulsi),Ocimum tenuiflorum,Magnoliopsida (Dicots),Lamiales,"Known as Holy Basil, Tulsi is an aromatic plant revered in Ayurveda. It has adaptogenic, antimicrobial, and anti-inflammatory properties and is used for boosting immunity and treating respiratory conditions.","Tulsi is rich in antioxidants and compounds that support immune function, helping to fight off infections.","Tulsi requires regular pruning to maintain a bushy, healthy appearance and prevent it from becoming leggy or overgrown.",,https://tse1.mm.bing.net/th?id=OIP.c1OKpica7kQQEAolNuGs8AHaER&pid=Api&P=0&h=180
20,Piper Betle (Betel),Piper betle,Magnoliopsida (Dicots),Piperales,"The Betel plant is a climbing vine whose leaves are used in traditional medicine and rituals. Betel leaves have digestive, antimicrobial, and stimulant properties.",The leaves have antimicrobial and antibacterial properties that help fight infections.,"The plant can be susceptible to pests like aphids, whiteflies, and fungal diseases.",,https://in.images.search.yahoo.com/images/view;_ylt=Awr1WTWHi6NnPWUu5uu9HAx.;_ylu=c2VjA3NyBHNsawNpbWcEb2lkAzJhNTNjMGEwYWU4MjYzMDJiZjY4MzRhZDQ4OTBkZjcyBGdwb3MDMTAEaXQDYmluZw--?back=https%3A%2F%2Fin.images.search.yahoo.com%2Fsearch%2Fimages%3Fp%3DPiper%25C2%25A0Betle%25C2%25A0%2528Betel%2529%26ei%3DUTF-8%26type%3DE210IN1589G0%26fr%3Dmcafee%26fr2%3Dp%253As%252Cv%253Ai%252Cm%253Asb-top%26tab%3Dorganic%26ri%3D10&w=1620&h=1080&imgurl=www.picturethisai.com%2Fwiki-image%2F1080%2F6A8466B7DE604D55B913F2E21CD8567E.jpeg&rurl=https%3A%2F%2Fwww.picturethisai.com%2Fes%2Fwiki%2FPiper_betle.html&size=377KB&p=Piper%C2%A0Betle%C2%A0%28Betel%29&oid=2a53c0a0ae826302bf6834ad4890df72&fr2=p%3As%2Cv%3Ai%2Cm%3Asb-top&fr=mcafee&tt=B%C3%A9tel+%28Piper+betle%29+-+PictureThis&b=0&ni=160&no=10&ts=&tab=organic&sigr=b3rzRYdRxN9T&sigb=QNFBM2LYz1AV&sigi=mbsm53CnR4Ku&sigt=IBBMXifimouT&.crumb=OZmGiL3vF57&fr=mcafee&fr2=p%3As%2Cv%3Ai%2Cm%3Asb-top&type=E210IN1589G0
21,Plectranthus Amboinicus (Mexican Mint),Plectranthus amboinicus,Magnoliopsida (Dicots),Lamiales,"Mexican Mint, also known as Indian Borage, is an aromatic herb used for treating coughs, colds, and digestive disorders. Its leaves are often used in teas and home remedies for respiratory and skin conditions.","The flowers of Mexican Mint attract pollinators such as bees and butterflies, which contribute to garden biodiversity.","Due to its distinct taste, it may not complement all dishes, limiting its culinary versatility in some contexts.",,https://in.images.search.yahoo.com/images/view;_ylt=Awr1WTWpi6NnptUrKSq9HAx.;_ylu=c2VjA3NyBHNsawNpbWcEb2lkAzEwMTE5NzY2ZjU4MTYzNWRiZGRjN2QxMDczYjY2ZDIzBGdwb3MDMTEEaXQDYmluZw--?back=https%3A%2F%2Fin.images.search.yahoo.com%2Fsearch%2Fimages%3Fp%3DPlectranthus%2BAmboinicus%2B%2528Mexican%2BMint%2529%26ei%3DUTF-8%26type%3DE210IN1589G0%26fr%3Dmcafee%26fr2%3Dp%253As%252Cv%253Ai%252Cm%253Asb-top%26tab%3Dorganic%26ri%3D11&w=726&h=726&imgurl=www.candy.com.sg%2F10675-medium_default%2Fmexican-mint-plectranthus-amboinicus.jpg&rurl=https%3A%2F%2Fwww.candy.com.sg%2Fherbs%2F2206-4198-mexican-mint-plectranthus-amboinicus.html&size=90KB&p=Plectranthus+Amboinicus+%28Mexican+Mint%29&oid=10119766f581635dbddc7d1073b66d23&fr2=p%3As%2Cv%3Ai%2Cm%3Asb-top&fr=mcafee&tt=Mexican+Mint+%28Plectranthus+amboinicus%29&b=0&ni=160&no=11&ts=&tab=organic&sigr=1c3YqNn2xOHK&sigb=2lXK1QDLls2Z&sigi=MC0Twr.rdV1l&sigt=aRoGNEmU9qZx&.crumb=OZmGiL3vF57&fr=mcafee&fr2=p%3As%2Cv%3Ai%2Cm%3Asb-top&type=E210IN1589G0
22,Pongamia Pinnata (Indian Beech),Pongamia pinnata,Magnoliopsida (Dicots),Fabales,"Indian Beech is a fast-growing tree with medicinal, agricultural, and biofuel applications. Its seeds are used to produce biodiesel, while the leaves and bark have anti-inflammatory and antimicrobial properties.",The oil extracted from the seeds is sometimes used as a remedy for constipation and digestive issues.,"It thrives best in hot, humid environments, and its growth may be stunted in cooler climates or areas with harsh winters.",,https://in.images.search.yahoo.com/images/view;_ylt=Awr1WTXbi6NniikuFgq9HAx.;_ylu=c2VjA3NyBHNsawNpbWcEb2lkAzUwODA4MDJjYWFjNDQ4YmZkZjI1MDMxMDAyNjljY2Q4BGdwb3MDMgRpdANiaW5n?back=https%3A%2F%2Fin.images.search.yahoo.com%2Fsearch%2Fimages%3Fp%3DPongamia%2BPinnata%2B%2528Indian%2BBeech%2529%26ei%3DUTF-8%26type%3DE210IN1589G0%26fr%3Dmcafee%26fr2%3Dp%253As%252Cv%253Ai%252Cm%253Asb-top%26tab%3Dorganic%26ri%3D2&w=1024&h=768&imgurl=c1.staticflickr.com%2F3%2F2407%2F2085125015_af48773134_b.jpg&rurl=https%3A%2F%2Fwww.flickr.com%2Fphotos%2Fguzhengman%2F2085125015%2F&size=192KB&p=Pongamia+Pinnata+%28Indian+Beech%29&oid=5080802caac448bfdf2503100269ccd8&fr2=p%3As%2Cv%3Ai%2Cm%3Asb-top&fr=mcafee&tt=Pongamia+pinnata+%28Indian+Beech+Tree%2C+Pongam+Tree%29+%7C+Common+n%E2%80%A6+%7C+Flickr&b=0&ni=160&no=2&ts=&tab=organic&sigr=R_.jhcqtbBrL&sigb=9z0FC8m.IbuP&sigi=jF1BA3DJDH_h&sigt=RsyEgYd6oX5C&.crumb=OZmGiL3vF57&fr=mcafee&fr2=p%3As%2Cv%3Ai%2Cm%3Asb-top&type=E210IN1589G0
23,Psidium Guajava (Guava),Psidium guajava,Magnoliopsida (Dicots),Myrtales,"Guava is a tropical fruit rich in vitamin C and dietary fiber. The leaves are used in traditional medicine for treating diarrhea, diabetes, and infections. The fruit is consumed fresh or processed into jams, juices, and desserts.","Guava is rich in dietary fiber, which supports healthy digestion, prevents constipation, and may help lower cholesterol levels.","Guava is also prone to bacterial infections like bacterial blight, which can harm the tree and reduce fruit production.",,https://media.post.rvohealth.io/wp-content/uploads/2020/09/benefits-of-guavas-732x549-thumbnail-732x549.jpg
24,Punica Granatum (Pomegranate),Punica granatum,Magnoliopsida (Dicots),Myrtales,Pomegranate is a fruit-bearing shrub or tree valued for its antioxidant-rich seeds. The juice and seeds are used to support heart health and improve skin health. The peel and bark are used in traditional medicine for digestive issues.,The high fiber content promotes healthy digestion and prevents constipation.,"Some people may experience allergic reactions, such as itching, swelling, or difficulty breathing, after consuming pomegranate.",,https://in.images.search.yahoo.com/images/view;_ylt=Awr1WTUijKNnmXgrxFm9HAx.;_ylu=c2VjA3NyBHNsawNpbWcEb2lkAzA0ODhmYjQ3ODMwZWYyZGY4N2U5YzI4YTIzMjFjMGFjBGdwb3MDOQRpdANiaW5n?back=https%3A%2F%2Fin.images.search.yahoo.com%2Fsearch%2Fimages%3Fp%3DPunica%2BGranatum%2B%2528Pomegranate%2529%26ei%3DUTF-8%26type%3DE210IN1589G0%26fr%3Dmcafee%26fr2%3Dp%253As%252Cv%253Ai%252Cm%253Asb-top%26tab%3Dorganic%26ri%3D9&w=1170&h=877&imgurl=static.wixstatic.com%2Fmedia%2F6c9b82_70cafacdcd1d4496a5738903ac8996fc%7Emv2.jpg%2Fv1%2Ffill%2Fw_1170%2Ch_877%2Cal_c%2Cq_85%2F6c9b82_70cafacdcd1d4496a5738903ac8996fc%7Emv2.jpg&rurl=https%3A%2F%2Fwww.thepalmtreecompany.com%2Fproduct-page%2Fpunica-granatum-pomegranate-tree&size=199KB&p=Punica+Granatum+%28Pomegranate%29&oid=0488fb47830ef2df87e9c28a2321c0ac&fr2=p%3As%2Cv%3Ai%2Cm%3Asb-top&fr=mcafee&tt=PUNICA+GRANATUM.+Pomegranate+Tree.+%7C+thepalmtreecompany&b=0&ni=160&no=9&ts=&tab=organic&sigr=dFIr6r57Yz8Y&sigb=lFrRz1NDH9RC&sigi=8Y79G9qx5Rz4&sigt=Rh0W_8Mc3DyU&.crumb=OZmGiL3vF57&fr=mcafee&fr2=p%3As%2Cv%3Ai%2Cm%3Asb-top&type=E210IN1589G0
25,Santalum Album (Sandalwood),Santalum album,Magnoliopsida (Dicots),Santalales,"Sandalwood is a highly valued tree known for its fragrant heartwood. The oil is used in perfumery, cosmetics, and aromatherapy. It also has antimicrobial and anti-inflammatory properties and is used in traditional medicine for skin disorders and stress relief.","Sandalwood oil is rich in antioxidants, which help reduce wrinkles, fine lines, and other signs of aging.","The high value of sandalwood has led to illegal harvesting, which threatens its population and biodiversity in its native habitats.",,https://in.images.search.yahoo.com/images/view;_ylt=AwrKGFVEjKNnx.w2A4W9HAx.;_ylu=c2VjA3NyBHNsawNpbWcEb2lkAzY4ZjUzZjhkOWUyMzk5NTNjYjA5ZDEyYWEzM2NhMTlhBGdwb3MDMTMEaXQDYmluZw--?back=https%3A%2F%2Fin.images.search.yahoo.com%2Fsearch%2Fimages%3Fp%3DSantalum%2BAlbum%2B%2528Sandalwood%2529%26ei%3DUTF-8%26type%3DE210IN1589G0%26fr%3Dmcafee%26fr2%3Dp%253As%252Cv%253Ai%252Cm%253Asb-top%26tab%3Dorganic%26ri%3D13&w=1040&h=900&imgurl=i2.wp.com%2Fwww.paganpath.co.uk%2Fwp-content%2Fuploads%2F2018%2F02%2Fsandalwood.jpg&rurl=http%3A%2F%2Fwww.paganpath.co.uk%2Fessential-oil-remedies%2Fessential-oil-and-absolute-profiles%2Fsandalwood-santalum-album%2F&size=157KB&p=Santalum+Album+%28Sandalwood%29&oid=68f53f8d9e239953cb09d12aa33ca19a&fr2=p%3As%2Cv%3Ai%2Cm%3Asb-top&fr=mcafee&tt=Sandalwood+%28Santalum+album%29+%7C+MOONCHILD%26%2339%3BS+BOOK+OF+SHADOWS&b=0&ni=160&no=13&ts=&tab=organic&sigr=OlSVO_4lfJLv&sigb=i_UusTKxF_52&sigi=U6yHe_F2B7Ny&sigt=HBGkU5GePK0i&.crumb=OZmGiL3vF57&fr=mcafee&fr2=p%3As%2Cv%3Ai%2Cm%3Asb-top&type=E210IN1589G0
26,Syzygium Cumini (Jamun),Syzygium cumini,Magnoliopsida (Dicots),Myrtales,"Jamun is a tropical tree producing small, purple fruits with a sweet-tart flavor. The fruit and seeds are used to manage diabetes, improve digestion, and boost immunity. The tree also has environmental significance for soil conservation.",Jamun’s vitamins and minerals support healthy hair growth and prevent hair fall.,"Some individuals may experience allergic reactions to jamun, particularly in the form of itching, rashes, or swelling.",,https://in.images.search.yahoo.com/images/view;_ylt=Awr1WTVsjKNnPFUwag29HAx.;_ylu=c2VjA3NyBHNsawNpbWcEb2lkAzRkMzIzMzE5MTZlNWYxNTNjZDU0YjI5YjdiZDAyYmQ4BGdwb3MDNARpdANiaW5n?back=https%3A%2F%2Fin.images.search.yahoo.com%2Fsearch%2Fimages%3Fp%3DSyzygium%2BCumini%2B%2528Jamun%2529%26ei%3DUTF-8%26type%3DE210IN1589G0%26fr%3Dmcafee%26fr2%3Dp%253As%252Cv%253Ai%252Cm%253Asb-top%26tab%3Dorganic%26ri%3D4&w=487&h=500&imgurl=images-na.ssl-images-amazon.com%2Fimages%2FI%2F51bDkLPdLXL.jpg&rurl=https%3A%2F%2Fwww.amazon.in%2FModern-Plants-Syzygium-cumini-Malabar%2Fdp%2FB07Z9DH73L&size=48KB&p=Syzygium+Cumini+%28Jamun%29&oid=4d32331916e5f153cd54b29b7bd02bd8&fr2=p%3As%2Cv%3Ai%2Cm%3Asb-top&fr=mcafee&tt=Modern+Plants+Live%26quot%3BBhado+Jamun%26quot%3B+Syzygium+cumini%2FMalabar+plum%2FJava+plum+...&b=0&ni=160&no=4&ts=&tab=organic&sigr=ZnEOUeRd.xcS&sigb=1mCMNn.a7.Zf&sigi=sp8kj0oK3.HX&sigt=rvnYqBHVjLeQ&.crumb=OZmGiL3vF57&fr=mcafee&fr2=p%3As%2Cv%3Ai%2Cm%3Asb-top&type=E210IN1589G0
27,Syzygium Jambos (Rose Apple),Syzygium jambos,Magnoliopsida (Dicots),Myrtales,"Rose Apple is a tropical fruit tree producing fragrant, bell-shaped fruits. The fruits are consumed fresh or used in desserts. The plant is used in traditional medicine for treating liver problems and infections.","They are low in calories, making them a great snack for those looking to maintain a healthy weight.","Rose apples have a short shelf life and are prone to spoilage if not consumed fresh, making them less convenient for long-term storage or transport.",,https://in.images.search.yahoo.com/images/view;_ylt=Awr1WTWDjKNnIUQwvhm9HAx.;_ylu=c2VjA3NyBHNsawNpbWcEb2lkAzNjNTI0OGM2MTk2NWIxZWM2NjM3MTljODBlNDg5ZTgxBGdwb3MDMTIEaXQDYmluZw--?back=https%3A%2F%2Fin.images.search.yahoo.com%2Fsearch%2Fimages%3Fp%3DSyzygium%2BJambos%2B%2528Rose%2BApple%2529%26ei%3DUTF-8%26type%3DE210IN1589G0%26fr%3Dmcafee%26fr2%3Dp%253As%252Cv%253Ai%252Cm%253Asb-top%26tab%3Dorganic%26ri%3D12&w=968&h=862&imgurl=nqtrees.com.au%2Fwp-content%2Fuploads%2F2022%2F12%2FSyzygium-jambos-7.jpg&rurl=https%3A%2F%2Fnqtrees.com.au%2Fproduct%2Fsyzygium-jambos-malabar-plum-rose-apple-tube-stock%2F&size=91KB&p=Syzygium+Jambos+%28Rose+Apple%29&oid=3c5248c61965b1ec663719c80e489e81&fr2=p%3As%2Cv%3Ai%2Cm%3Asb-top&fr=mcafee&tt=Syzygium+jambos+%28+Malabar+plum+%2F+Rose+apple+%29+-+Tube+Stock+-+Tree+...&b=0&ni=160&no=12&ts=&tab=organic&sigr=n4bPT_EnxthF&sigb=bh5w4iwL5JHC&sigi=feibtqdReCht&sigt=AbSuRvDpfBxn&.crumb=OZmGiL3vF57&fr=mcafee&fr2=p%3As%2Cv%3Ai%2Cm%3Asb-top&type=E210IN1589G0
28,Tabernaemontana Divaricata (Crape Jasmine),Tabernaemontana divaricata,Magnoliopsida (Dicots),Gentianales,"Crape Jasmine is an ornamental shrub with white, star-shaped flowers. It is used in traditional medicine for its sedative and anti-inflammatory properties. The plant also has cultural significance in South Asia.","The plant is evergreen, providing lush, green foliage year-round, adding beauty to outdoor spaces even in the winter.","The plant can grow vigorously, requiring regular pruning to keep it from becoming unruly or taking over garden spaces.",,https://in.images.search.yahoo.com/images/view;_ylt=Awr1WTWujKNnOHctCn69HAx.;_ylu=c2VjA3NyBHNsawNpbWcEb2lkAzA2NzU5NTM5ZjlhYTY1NTczMmM4OGQwMWZjMDk1ZjBkBGdwb3MDNARpdANiaW5n?back=https%3A%2F%2Fin.images.search.yahoo.com%2Fsearch%2Fimages%3Fp%3DTabernaemontana%2BDivaricata%2B%2528Crape%2BJasmine%2529%26ei%3DUTF-8%26type%3DE210IN1589G0%26fr%3Dmcafee%26fr2%3Dp%253As%252Cv%253Ai%252Cm%253Asb-top%26tab%3Dorganic%26ri%3D4&w=1200&h=630&imgurl=www.squareyards.com%2Fblog%2Fwp-content%2Fuploads%2F2021%2F11%2FCrepe-Jasmine.jpg&rurl=https%3A%2F%2Fwww.squareyards.com%2Fblog%2Ftabernaemontana-divaricata-crepe-jasmine-plant-indp&size=60KB&p=Tabernaemontana+Divaricata+%28Crape+Jasmine%29&oid=06759539f9aa655732c88d01fc095f0d&fr2=p%3As%2Cv%3Ai%2Cm%3Asb-top&fr=mcafee&tt=Tabernaemontana+Divaricata+%28Crepe+Jasmine+Plant%29%3A+Grow+%26+Care+Guide&b=0&ni=160&no=4&ts=&tab=organic&sigr=LD.zUtUSKQyL&sigb=59Dsc_ZrE5.8&sigi=Rj0owhBt3_t8&sigt=RsAouvt.kVdx&.crumb=OZmGiL3vF57&fr=mcafee&fr2=p%3As%2Cv%3Ai%2Cm%3Asb-top&type=E210IN1589G0
29,Trigonella Foenum-graecum (Fenugreek),Trigonella foenum-graecum,Magnoliopsida (Dicots),Fabales,"Fenugreek is an annual herb with leaves and seeds used as a spice and in traditional medicine. It is known to aid in digestion, control blood sugar levels, and improve lactation. The seeds are also rich in dietary fiber and protein.","Fenugreek is commonly used as a galactagogue, a substance that promotes milk production in breastfeeding mothers.",Direct contact with fenugreek seeds or leaves may cause skin irritation or rashes in some people.,,https://in.images.search.yahoo.com/images/view;_ylt=Awr1WTXGjKNnNRwu2ye9HAx.;_ylu=c2VjA3NyBHNsawNpbWcEb2lkA2IwMDBmZjY3YmI0MGFkZGNiMjNkODYyZjI4MmMyY2Y3BGdwb3MDMTAEaXQDYmluZw--?back=https%3A%2F%2Fin.images.search.yahoo.com%2Fsearch%2Fimages%3Fp%3DTrigonella%2BFoenum-graecum%25C2%25A0%2528Fenugreek%2529%26ei%3DUTF-8%26type%3DE210IN1589G0%26fr%3Dmcafee%26fr2%3Dp%253As%252Cv%253Ai%252Cm%253Asb-top%26tab%3Dorganic%26ri%3D10&w=2048&h=1270&imgurl=naturmedscientific.com%2Fwp-content%2Fuploads%2F2022%2F02%2FFenugreek-Extract-Trigonella-foenum-graecum-scaled.jpg&rurl=https%3A%2F%2Fnaturmedscientific.com%2Fproduct%2Ffenugreek-extract-trigonella-foenum-graecum%2F&size=155KB&p=Trigonella+Foenum-graecum%C2%A0%28Fenugreek%29&oid=b000ff67bb40addcb23d862f282c2cf7&fr2=p%3As%2Cv%3Ai%2Cm%3Asb-top&fr=mcafee&tt=Fenugreek+Extract+%7C+Trigonella+Foenum+Graecum+-+Naturmed+Scientific&b=0&ni=160&no=10&ts=&tab=organic&sigr=4.EOohkHuDhB&sigb=mOY.i6j27gsk&sigi=nHTy2TZmngv2&sigt=ycRqfyYQBVRc&.crumb=OZmGiL3vF57&fr=mcafee&fr2=p%3As%2Cv%3Ai%2Cm%3Asb-top&type=E210IN1589G0
,,,,,,,,,https://in.images.search.yahoo.com/images/view;_ylt=AwrKGFXijKNnPBwxCWe9HAx.;_ylu=c2VjA3NyBHNsawNpbWcEb2lkA2RmMTg4NDc2Y2JiZmYyMjg4YjNmNjRiMzUwZTA4YzQwBGdwb3MDOQRpdANiaW5n?back=https%3A%2F%2Fin.images.search.yahoo.com%2Fsearch%2Fimages%3Fp%3DCommon%2BRue%26ei%3DUTF-8%26type%3DE210IN1589G0%26fr%3Dmcafee%26fr2%3Dp%253As%252Cv%253Ai%252Cm%253Asb-top%26tab%3Dorganic%26ri%3D9&w=800&h=533&imgurl=media.sciencephoto.com%2Fimage%2Fc0249374%2F800wm%2FC0249374-Common_rue_Ruta_graveolens_flowers.jpg&rurl=https%3A%2F%2Fwww.sciencephoto.com%2Fmedia%2F663322%2Fview%2Fcommon-rue-ruta-graveolens-flowers&size=79KB&p=Common+Rue&oid=df188476cbbff2288b3f64b350e08c40&fr2=p%3As%2Cv%3Ai%2Cm%3Asb-top&fr=mcafee&tt=Common+rue+%28Ruta+graveolens%29+flowers+-+Stock+Image+-+C024%2F9374+...&b=0&ni=160&no=9&ts=&tab=organic&sigr=SbTybJ6XO6P6&sigb=YJ63zukePL7D&sigi=n5DEhLKmPGuN&sigt=OpPof.2w75aO&.crumb=OZmGiL3vF57&fr=mcafee&fr2=p%3As%2Cv%3Ai%2Cm%3Asb-top&type=E210IN1589G0
,,,,,,,,,https://in.images.search.yahoo.com/images/view;_ylt=Awr1WTUgjaNn9Z4vjni9HAx.;_ylu=c2VjA3NyBHNsawNpbWcEb2lkA2VlNDRiMmMwMzVhN2Q4ZjA5OGRjZGJkMzQwYjU0NWNjBGdwb3MDOARpdANiaW5n?back=https%3A%2F%2Fin.images.search.yahoo.com%2Fsearch%2Fimages%3Fp%3DCoffee%2BPLANT%26ei%3DUTF-8%26type%3DE210IN1589G0%26fr%3Dmcafee%26fr2%3Dp%253As%252Cv%253Ai%252Cm%253Asb-top%26tab%3Dorganic%26ri%3D8&w=1632&h=1224&imgurl=mycoffeeculture.files.wordpress.com%2F2011%2F08%2Fcoffee_cherries1.jpg&rurl=http%3A%2F%2Fblog.hmns.org%2Ftag%2Fgrowing-your-own-coffee-beans%2F&size=79KB&p=Coffee+PLANT&oid=ee44b2c035a7d8f098dcdbd340b545cc&fr2=p%3As%2Cv%3Ai%2Cm%3Asb-top&fr=mcafee&tt=Growing+Your+Own+Coffee+Beans+%7C+BEYONDbones&b=0&ni=160&no=8&ts=&tab=organic&sigr=kEVFfCTFfLi9&sigb=Slc2jfFQ02FF&sigi=W_uxy_Bw3Ggm&sigt=VgHpnC02GLn.&.crumb=OZmGiL3vF57&fr=mcafee&fr2=p%3As%2Cv%3Ai%2Cm%3Asb-top&type=E210IN1589G0
,,,,,,,,,https://in.images.search.yahoo.com/images/view;_ylt=Awr1WTU2jaNnOHctf4m9HAx.;_ylu=c2VjA3NyBHNsawNpbWcEb2lkA2ZjYmQ4Yjk4MTBhMjQ5YmYxNGMwYzc4MWJmZGYxMzMzBGdwb3MDMwRpdANiaW5n?back=https%3A%2F%2Fin.images.search.yahoo.com%2Fsearch%2Fimages%3Fp%3DCitron%2BLime%2B%2528Herelikai%2529%26ei%3DUTF-8%26type%3DE210IN1589G0%26fr%3Dmcafee%26fr2%3Dp%253As%252Cv%253Ai%252Cm%253Asb-top%26tab%3Dorganic%26ri%3D3&w=1280&h=720&imgurl=i.ytimg.com%2Fvi%2F9VYEeZhpSCU%2Fmaxresdefault.jpg&rurl=https%3A%2F%2Fwww.youtube.com%2Fwatch%3Fv%3D9VYEeZhpSCU&size=127KB&p=Citron+Lime+%28Herelikai%29&oid=fcbd8b9810a249bf14c0c781bfdf1333&fr2=p%3As%2Cv%3Ai%2Cm%3Asb-top&fr=mcafee&tt=Citron+Lime+Heralekai+Nartanga+-+YouTube&b=0&ni=160&no=3&ts=&tab=organic&sigr=f5Zarz79n_2S&sigb=drzMB9K4kXJ5&sigi=ox07S9P0gTFS&sigt=RGdNvjaTGEfZ&.crumb=OZmGiL3vF57&fr=mcafee&fr2=p%3As%2Cv%3Ai%2Cm%3Asb-top&type=E210IN1589G0
,,,,,,,,,https://in.images.search.yahoo.com/images/view;_ylt=Awr1WTVSjaNnbm0wVBe9HAx.;_ylu=c2VjA3NyBHNsawNpbWcEb2lkAzlkZTExZTUzZjdkNGM1YWIyYmRmZGZkY2E4N2UxMWMyBGdwb3MDMgRpdANiaW5n?back=https%3A%2F%2Fin.images.search.yahoo.com%2Fsearch%2Fimages%3Fp%3DChilly%2BPLANT%26ei%3DUTF-8%26type%3DE210IN1589G0%26fr%3Dmcafee%26fr2%3Dp%253As%252Cv%253Ai%252Cm%253Asb-top%26tab%3Dorganic%26ri%3D2&w=1500&h=993&imgurl=tuigarden.co.nz%2Fmedia%2F3204%2Fchilli.png&rurl=https%3A%2F%2Ftuigarden.co.nz%2Fhow-to-guide%2Fchilli-growing-guide%2F&size=2113KB&p=Chilly+PLANT&oid=9de11e53f7d4c5ab2bdfdfdca87e11c2&fr2=p%3As%2Cv%3Ai%2Cm%3Asb-top&fr=mcafee&tt=Chilli+Growing+Guide+%7CTui%7C+Prepare%2C+Plant%2C+Nourish%2C+Harvest&b=0&ni=160&no=2&ts=&tab=organic&sigr=owByk.OH9Pjg&sigb=0LgctKJ_kNa8&sigi=xIKVqBBlj3rb&sigt=cmTsRE4JMFDe&.crumb=OZmGiL3vF57&fr=mcafee&fr2=p%3As%2Cv%3Ai%2Cm%3Asb-top&type=E210IN1589G0
,,,,,,,,,https://in.images.search.yahoo.com/images/view;_ylt=Awr1WTVqjaNn9zIwtTi9HAx.;_ylu=c2VjA3NyBHNsawNpbWcEb2lkAzY1ODM3ZDc1ODg3OGRkZjBkYjZkMmNhNjliMTBjYWViBGdwb3MDNARpdANiaW5n?back=https%3A%2F%2Fin.images.search.yahoo.com%2Fsearch%2Fimages%3Fp%3DChakte%2Bplant%26ei%3DUTF-8%26type%3DE210IN1589G0%26fr%3Dmcafee%26fr2%3Dp%253As%252Cv%253Ai%252Cm%253Asb-top%26tab%3Dorganic%26ri%3D4&w=1600&h=1200&imgurl=www.gardeningknowhow.com%2Fwp-content%2Fuploads%2F2021%2F07%2Fchayote-fruits.jpg&rurl=https%3A%2F%2Fwww.gardeningknowhow.com%2Fedible%2Fvegetables%2Fchayote%2Fgrowing-chayote-squash.htm&size=232KB&p=Chakte+plant&oid=65837d758878ddf0db6d2ca69b10caeb&fr2=p%3As%2Cv%3Ai%2Cm%3Asb-top&fr=mcafee&tt=What+Are+Chayotes+-+How+To+Grow+Chayote+Squash&b=0&ni=160&no=4&ts=&tab=organic&sigr=4R5iVjkspNDH&sigb=0kQeQHN4NFfG&sigi=IXQCv3XMBnD_&sigt=OUamGmwUAtEZ&.crumb=OZmGiL3vF57&fr=mcafee&fr2=p%3As%2Cv%3Ai%2Cm%3Asb-top&type=E210IN1589G0
,,,,,,,,,https://in.images.search.yahoo.com/images/view;_ylt=AwrKGFWBjaNn8iw334G9HAx.;_ylu=c2VjA3NyBHNsawNpbWcEb2lkA2I2NWYyYTVmODc2MjhiNjRhNjgzNWUyZTgyMDQxYzY1BGdwb3MDNQRpdANiaW5n?back=https%3A%2F%2Fin.images.search.yahoo.com%2Fsearch%2Fimages%3Fp%3DCatharanthus%2Bplant%26ei%3DUTF-8%26type%3DE210IN1589G0%26fr%3Dmcafee%26fr2%3Dp%253As%252Cv%253Ai%252Cm%253Asb-top%26tab%3Dorganic%26ri%3D5&w=1800&h=1200&imgurl=gfb.global.ssl.fastly.net%2Fwp-content%2Fuploads%2F2016%2F09%2F25-Exceptional-Benefits-of-Catharanthus-roseus.jpg&rurl=http%3A%2F%2Fglobalfoodbook.com%2F25-exceptional-benefits-catharanthus-roseus&size=1128KB&p=Catharanthus+plant&oid=b65f2a5f87628b64a6835e2e82041c65&fr2=p%3As%2Cv%3Ai%2Cm%3Asb-top&fr=mcafee&tt=25+EXCEPTIONAL+BENEFITS+OF+CATHARANTHUS+ROSEUS&b=0&ni=160&no=5&ts=&tab=organic&sigr=j8dJEgvWXxoB&sigb=SqMKC8EQ2auw&sigi=8Npku.hVM75T&sigt=blYs_b84aUIW&.crumb=OZmGiL3vF57&fr=mcafee&fr2=p%3As%2Cv%3Ai%2Cm%3Asb-top&type=E210IN1589G0
,,,,,,,,,https://in.images.search.yahoo.com/images/view;_ylt=Awr1WTWajaNnzN8v3Vq9HAx.;_ylu=c2VjA3NyBHNsawNpbWcEb2lkAzM4MzgyM2I0MjJiN2MxN2I2YjlhNTQ4OTA0Y2FlZTE4BGdwb3MDNQRpdANiaW5n?back=https%3A%2F%2Fin.images.search.yahoo.com%2Fsearch%2Fimages%3Fp%3DCastor%2Bplant%26ei%3DUTF-8%26type%3DE210IN1589G0%26fr%3Dmcafee%26fr2%3Dp%253As%252Cv%253Ai%252Cm%253Asb-top%26tab%3Dorganic%26ri%3D5&w=474&h=322&imgurl=cdn.britannica.com%2F84%2F118784-050-4DFE0C58%2FFruits-castor-oil-plant-castor-bean.jpg&rurl=https%3A%2F%2Fwww.britannica.com%2Fplant%2Fcastor-oil-plant&size=269KB&p=Castor+plant&oid=383823b422b7c17b6b9a548904caee18&fr2=p%3As%2Cv%3Ai%2Cm%3Asb-top&fr=mcafee&tt=Castor-oil+plant+%7C+Description%2C+Uses%2C+%26+Ricin+%7C+Britannica&b=0&ni=160&no=5&ts=&tab=organic&sigr=dLoQyNoNadhB&sigb=lvfvXfJ8GTbB&sigi=Wx5gk_.geukI&sigt=ivgbmwU24mOE&.crumb=OZmGiL3vF57&fr=mcafee&fr2=p%3As%2Cv%3Ai%2Cm%3Asb-top&type=E210IN1589G0
,,,,,,,,,https://in.images.search.yahoo.com/images/view;_ylt=Awr1WTWyjaNnBkgtL329HAx.;_ylu=c2VjA3NyBHNsawNpbWcEb2lkAzM3YzgyMjUzMGE2ZjM0OTQxMDZiNjQxODk2MjY1Y2M4BGdwb3MDMgRpdANiaW5n?back=https%3A%2F%2Fin.images.search.yahoo.com%2Fsearch%2Fimages%3Fp%3DBringaraja%2B%2528Eclipta%2529%2Bplant%26ei%3DUTF-8%26type%3DE210IN1589G0%26fr%3Dmcafee%26fr2%3Dp%253As%252Cv%253Ai%252Cm%253Asb-top%26tab%3Dorganic%26ri%3D2&w=1067&h=924&imgurl=m.media-amazon.com%2Fimages%2FI%2F61UX02VgEmL._SL1067_.jpg&rurl=https%3A%2F%2Fwww.amazon.in%2FGreenwise-Bhringraj-Eclipta-Bhangra-Medicinal%2Fdp%2FB09JPK219F&size=90KB&p=Bringaraja+%28Eclipta%29+plant&oid=37c822530a6f3494106b641896265cc8&fr2=p%3As%2Cv%3Ai%2Cm%3Asb-top&fr=mcafee&tt=Buy+Greenwise+Bhringraj+%28Yellow%29%7C+Eclipta+alba+%7C+Bhangra+%7C+False+daisy+...&b=0&ni=160&no=2&ts=&tab=organic&sigr=lHcnLisju550&sigb=QYER0qs_RpP9&sigi=1aBUIBptR06n&sigt=n8Hng8ncjJNV&.crumb=OZmGiL3vF57&fr=mcafee&fr2=p%3As%2Cv%3Ai%2Cm%3Asb-top&type=E210IN1589G0
,,,,,,,,,https://in.images.search.yahoo.com/images/view;_ylt=Awr1WTXRjaNnHH4sQQ.9HAx.;_ylu=c2VjA3NyBHNsawNpbWcEb2lkA2QyNTBjNWMyYmYwZmZlOWEyYmNjYmJjNjg5ODk5NWYzBGdwb3MDNQRpdANiaW5n?back=https%3A%2F%2Fin.images.search.yahoo.com%2Fsearch%2Fimages%3Fp%3DBhrami%2Bplant%26ei%3DUTF-8%26type%3DE210IN1589G0%26fr%3Dmcafee%26fr2%3Dp%253As%252Cv%253Ai%252Cm%253Asb-top%26tab%3Dorganic%26ri%3D5&w=1500&h=1125&imgurl=m.media-amazon.com%2Fimages%2FI%2F71SLvp6D9dS._SL1500_.jpg&rurl=https%3A%2F%2Fwww.amazon.in%2FGachwala-Brahmi-Medicinal-Ayurvedic-Non-Aromatic%2Fdp%2FB0B1JPYRNQ&size=135KB&p=Bhrami+plant&oid=d250c5c2bf0ffe9a2bccbbc6898995f3&fr2=p%3As%2Cv%3Ai%2Cm%3Asb-top&fr=mcafee&tt=Gachwala+Brahmi+Herbal+%26+Medicinal+Plant+Live+%2812-18+Strings%29+%7C+Bacopa+...&b=0&ni=160&no=5&ts=&tab=organic&sigr=eQv0yo438Q11&sigb=UR1VumFasICi&sigi=ex1S5xiSh6VS&sigt=J4LbYBeR6vPR&.crumb=OZmGiL3vF57&fr=mcafee&fr2=p%3As%2Cv%3Ai%2Cm%3Asb-top&type=E210IN1589G0
,,,,,,,,,https://in.images.search.yahoo.com/images/view;_ylt=Awr1WTXsjaNnpbgvmXy9HAx.;_ylu=c2VjA3NyBHNsawNpbWcEb2lkAzllNzgyZTA5MDZhNjk2OTMzZmRlN2VhNWViZTYxOGRhBGdwb3MDOQRpdANiaW5n?back=https%3A%2F%2Fin.images.search.yahoo.com%2Fsearch%2Fimages%3Fp%3DBetel%2Bplant%26ei%3DUTF-8%26type%3DE210IN1589G0%26fr%3Dmcafee%26fr2%3Dp%253As%252Cv%253Ai%252Cm%253Asb-top%26tab%3Dorganic%26ri%3D9&w=1255&h=895&imgurl=m.media-amazon.com%2Fimages%2FI%2F71BI-puixYL._SL1255_.jpg&rurl=https%3A%2F%2Fwww.amazon.in%2FAzalea-Garden-Betel-Plant-Medicinal%2Fdp%2FB07DGGQKKZ&size=180KB&p=Betel+plant&oid=9e782e0906a696933fde7ea5ebe618da&fr2=p%3As%2Cv%3Ai%2Cm%3Asb-top&fr=mcafee&tt=Royal+Paradise+Garden+Rare+Betel+Leaf+Live+Plant+%28Piper+betle+...&b=0&ni=160&no=9&ts=&tab=organic&sigr=cdtqnCXchoUW&sigb=oD8E6eAqWl82&sigi=46.OG0lusaKk&sigt=AcfQCZRIv8y6&.crumb=OZmGiL3vF57&fr=mcafee&fr2=p%3As%2Cv%3Ai%2Cm%3Asb-top&type=E210IN1589G0
,,,,,,,,,https://in.images.search.yahoo.com/images/view;_ylt=Awr1WTVijqNn9zIwnUy9HAx.;_ylu=c2VjA3NyBHNsawNpbWcEb2lkAzNlNGJkMGIyZTcxZDU0MzZiMzM0YjRjZGFmYzNhMDk1BGdwb3MDMwRpdANiaW5n?back=https%3A%2F%2Fin.images.search.yahoo.com%2Fsearch%2Fimages%3Fp%3DBeans%2Bplant%26ei%3DUTF-8%26type%3DE210IN1589G0%26fr%3Dmcafee%26fr2%3Dp%253As%252Cv%253Ai%252Cm%253Asb-top%26tab%3Dorganic%26ri%3D3&w=4512&h=3012&imgurl=www.thespruce.com%2Fthmb%2F-NQA_9LSW8_NFVoaYOONIMe6HfI%3D%2F4512x3012%2Ffilters%3Ano_upscale%28%29%3Amax_bytes%28150000%29%3Astrip_icc%28%29%2Fhow-to-grow-green-beans-1403459-07-e46bc629caa74c85b12840385afa83c6.jpg&rurl=https%3A%2F%2Fwww.thespruce.com%2Fhow-to-grow-green-beans-1403459&size=697KB&p=Beans+plant&oid=3e4bd0b2e71d5436b334b4cdafc3a095&fr2=p%3As%2Cv%3Ai%2Cm%3Asb-top&fr=mcafee&tt=How+to+Grow+Common+Beans&b=0&ni=160&no=3&ts=&tab=organic&sigr=pSB4AZYcdG51&sigb=fmTifstXydM3&sigi=PPm7Gd5dL3Qp&sigt=Yq8b2xgYMXoM&.crumb=OZmGiL3vF57&fr=mcafee&fr2=p%3As%2Cv%3Ai%2Cm%3Asb-top&type=E210IN1589G0
,,,,,,,,,https://in.images.search.yahoo.com/images/view;_ylt=AwrKGFV7jqNnI6QynsO9HAx.;_ylu=c2VjA3NyBHNsawNpbWcEb2lkAzFiYThiNjVmZTQwNzQzOWVlZDJkNmE1YjA5ZjljYjI3BGdwb3MDMTIEaXQDYmluZw--?back=https%3A%2F%2Fin.images.search.yahoo.com%2Fsearch%2Fimages%3Fp%3DBamboo%2Bplant%26ei%3DUTF-8%26type%3DE210IN1589G0%26fr%3Dmcafee%26fr2%3Dp%253As%252Cv%253Ai%252Cm%253Asb-top%26tab%3Dorganic%26ri%3D12&w=1024&h=768&imgurl=cdn.shopify.com%2Fs%2Ffiles%2F1%2F0059%2F8835%2F2052%2Farticles%2FBamboo_Forest_1024x1024.jpg%3Fv%3D1549698125&rurl=https%3A%2F%2Fwww.fast-growing-trees.com%2Fblogs%2Fblog%2Fbamboo-plants-varieties-that-aren-t-invasive&size=224KB&p=Bamboo+plant&oid=1ba8b65fe407439eed2d6a5b09f9cb27&fr2=p%3As%2Cv%3Ai%2Cm%3Asb-top&fr=mcafee&tt=Bamboo+Plants%3A+Varieties+That+Aren%E2%80%99t+Invasive+%E2%80%93+FastGrowingTrees.com&b=0&ni=160&no=12&ts=&tab=organic&sigr=WUu4Az_wZgkd&sigb=HN_Zq81bHwUo&sigi=uZfDXDMDeWuN&sigt=R2H3MzZMvG1Y&.crumb=OZmGiL3vF57&fr=mcafee&fr2=p%3As%2Cv%3Ai%2Cm%3Asb-top&type=E210IN1589G0
,,,,,,,,,https://in.images.search.yahoo.com/images/view;_ylt=Awr1WTWhjqNntBgvFNm9HAx.;_ylu=c2VjA3NyBHNsawNpbWcEb2lkAzI5NTEyOGI5MDMwNGU4M2E3NmVjNGE1MzNiODA4ODZhBGdwb3MDMQRpdANiaW5n?back=https%3A%2F%2Fin.images.search.yahoo.com%2Fsearch%2Fimages%3Fp%3Dballoon%2Bvine%2Bplant%26ei%3DUTF-8%26type%3DE210IN1589G0%26fr%3Dmcafee%26fr2%3Dsa-gp-search%26tab%3Dorganic%26ri%3D1&w=800&h=530&imgurl=www.healthbenefitstimes.com%2F9%2Fgallery%2Fballoon-vine%2FBalloon-Vine-plant.jpg&rurl=https%3A%2F%2Fwww.healthbenefitstimes.com%2Fballoon-vine%2F&size=116KB&p=balloon+vine+plant&oid=295128b90304e83a76ec4a533b80886a&fr2=sa-gp-search&fr=mcafee&tt=Balloon+Vine+facts+and+health+benefits&b=0&ni=160&no=1&ts=&tab=organic&sigr=O6_v0uKX1KDX&sigb=jPR.NKfOCFuK&sigi=LBbFgwosbnu4&sigt=Mlhrq84LBdiF&.crumb=OZmGiL3vF57&fr=mcafee&fr2=sa-gp-search&type=E210IN1589G0
,,,,,,,,,https://in.images.search.yahoo.com/search/images;_ylt=Awr1QgPyjqNnPgIA61m7HAx.;_ylu=Y29sbwNzZzMEcG9zAzEEdnRpZAMEc2VjA3Nj?type=E210IN1589G0&p=asthma+weed+plant+images+identification&fr=mcafee&th=355&tw=474&imgurl=http%3A%2F%2Fwww.flowersofindia.net%2Fcatalog%2Fslides%2FAsthma%2520Weed.jpg&rurl=https%3A%2F%2Fproper-cooking.info%2Fweeds-plants-names&size=52KB&name=Weeds+Plants+Names&oid=3&h=450&w=600&turl=https%3A%2F%2Ftse1.mm.bing.net%2Fth%3Fid%3DOIP.j5h0n-S_9sA2dWVjX7L2KQHaFj%26pid%3DApi&tt=Weeds+Plants+Names&sigr=zohp97_vG4.9&sigit=zXBkKk9G7ima&sigi=NDjeLjFXNZ_2&sign=VS6KxAm1bNpi&sigt=VS6KxAm1bNpi
,,,,,,,,,https://in.images.search.yahoo.com/search/images;_ylt=Awr1QgMKj6NnDAIAQHW7HAx.;_ylu=Y29sbwNzZzMEcG9zAzEEdnRpZAMEc2VjA3Nj?type=E210IN1589G0&p=Arali+plant&fr=mcafee&th=314&tw=474&imgurl=https%3A%2F%2Fwww.mydomaine.com%2Fthmb%2FMGAjwxfxo_ND4G6gJkdHhrH_FVc%3D%2F4912x3264%2Ffilters%3Ano_upscale%28%29%3Amax_bytes%28150000%29%3Astrip_icc%28%29%2FGettyImages-1284251689-c338af6344ef46aeb1d5de4698d971cf.jpg&rurl=https%3A%2F%2Fwww.mydomaine.com%2Faralia-5116518&size=311KB&name=How+to+Grow+and+Care+for+Aralia+Plant&oid=1&h=3264&w=4912&turl=https%3A%2F%2Ftse1.mm.bing.net%2Fth%3Fid%3DOIP.qqw-BbPIu7xFdlkl7gyw1wHaE6%26pid%3DApi&tt=How+to+Grow+and+Care+for+Aralia+Plant&sigr=K.cWdvrGrpFn&sigit=F8DGZn6NyeRP&sigi=2Azr91ra7wRk&sign=CeVb.uOhA6qI&sigt=CeVb.uOhA6qI
,,,,,,,,,https://in.images.search.yahoo.com/images/view;_ylt=Awr1WTUzj6Nn8_8roFy9HAx.;_ylu=c2VjA3NyBHNsawNpbWcEb2lkAzdjNjU4M2Y1YzA1NmJmZmFhOTRhZDA2ZjUzYTVhODU1BGdwb3MDNARpdANiaW5n?back=https%3A%2F%2Fin.images.search.yahoo.com%2Fsearch%2Fimages%3Fp%3DAmruthaballi%2Bplant%26type%3DE210IN1589G0%26fr%3Dmcafee%26fr2%3Dpiv-web%26tab%3Dorganic%26ri%3D4&w=1236&h=1600&imgurl=2.bp.blogspot.com%2F_0aojOpQUSUY%2FTSs9wisaj2I%2FAAAAAAAAEgc%2FLk9RlPsdxe0%2Fs1600%2Famruta%252Bballi.jpg&rurl=http%3A%2F%2Fkonkanifoodie.blogspot.com%2F2011%2F01%2Famruta-balli-giloy-guduchi.html&size=196KB&p=Amruthaballi+plant&oid=7c6583f5c056bffaa94ad06f53a5a855&fr2=piv-web&fr=mcafee&tt=Konkani+Foodie%3A+Amruta+Balli+%28Giloy%2F+Guduchi%29&b=0&ni=21&no=4&ts=&tab=organic&sigr=2mIzxnAI8il0&sigb=QuNjBX4b.03R&sigi=Ir34ThFCKd6N&sigt=iJGaiaYtTaQZ&.crumb=OZmGiL3vF57&fr=mcafee&fr2=piv-web&type=E210IN1589G0
,,,,,,,,,https://in.images.search.yahoo.com/images/view;_ylt=AwrKGFVTj6NnO0M3hoi9HAx.;_ylu=c2VjA3NyBHNsawNpbWcEb2lkA2Q3ZTE5ZTE1ZTkxZWMwNzAzYTk1ZDkyMWUzOTcwODA3BGdwb3MDMQRpdANiaW5n?back=https%3A%2F%2Fin.images.search.yahoo.com%2Fsearch%2Fimages%3Fp%3DKambajala%2Bplant%26ei%3DUTF-8%26type%3DE210IN1589G0%26fr%3Dmcafee%26fr2%3Dp%253As%252Cv%253Ai%252Cm%253Asb-top%26tab%3Dorganic%26ri%3D1&w=1600&h=900&imgurl=cdn.mos.cms.futurecdn.net%2FmmrjcWoheuvmnucbNy246i.jpg&rurl=https%3A%2F%2Fwww.homesandgardens.com%2Fgardens%2Fhow-to-grow-chickpeas&size=489KB&p=Kambajala+plant&oid=d7e19e15e91ec0703a95d921e3970807&fr2=p%3As%2Cv%3Ai%2Cm%3Asb-top&fr=mcafee&tt=How+to+grow+chickpeas%3A+expert+tips+to+grow+garbanzo+beans+%7C+Homes+%26+Gardens&b=0&ni=160&no=1&ts=&tab=organic&sigr=m70nJ0Qft0oO&sigb=10Bj1cXwVF1x&sigi=lUF3.UQIXf6i&sigt=PM9eyxp_aTFY&.crumb=OZmGiL3vF57&fr=mcafee&fr2=p%3As%2Cv%3Ai%2Cm%3Asb-top&type=E210IN1589G0
,,,,,,,,,https://in.images.search.yahoo.com/images/view;_ylt=AwrKGFVTj6NnO0M3hoi9HAx.;_ylu=c2VjA3NyBHNsawNpbWcEb2lkA2Q3ZTE5ZTE1ZTkxZWMwNzAzYTk1ZDkyMWUzOTcwODA3BGdwb3MDMQRpdANiaW5n?back=https%3A%2F%2Fin.images.search.yahoo.com%2Fsearch%2Fimages%3Fp%3DKambajala%2Bplant%26ei%3DUTF-8%26type%3DE210IN1589G0%26fr%3Dmcafee%26fr2%3Dp%253As%252Cv%253Ai%252Cm%253Asb-top%26tab%3Dorganic%26ri%3D1&w=1600&h=900&imgurl=cdn.mos.cms.futurecdn.net%2FmmrjcWoheuvmnucbNy246i.jpg&rurl=https%3A%2F%2Fwww.homesandgardens.com%2Fgardens%2Fhow-to-grow-chickpeas&size=489KB&p=Kambajala+plant&oid=d7e19e15e91ec0703a95d921e3970807&fr2=p%3As%2Cv%3Ai%2Cm%3Asb-top&fr=mcafee&tt=How+to+grow+chickpeas%3A+expert+tips+to+grow+garbanzo+beans+%7C+Homes+%26+Gardens&b=0&ni=160&no=1&ts=&tab=organic&sigr=m70nJ0Qft0oO&sigb=10Bj1cXwVF1x&sigi=lUF3.UQIXf6i&sigt=PM9eyxp_aTFY&.crumb=OZmGiL3vF57&fr=mcafee&fr2=p%3As%2Cv%3Ai%2Cm%3Asb-top&type=E210IN1589G0
,,,,,,,,,https://in.images.search.yahoo.com/images/view;_ylt=AwrKGFWLkKNnnv82zNG9HAx.;_ylu=c2VjA3NyBHNsawNpbWcEb2lkAzIxNDAzOWI0NWQwMjI1OGY1ZDdiOWEzNjdhZjBiYjI0BGdwb3MDOQRpdANiaW5n?back=https%3A%2F%2Fin.images.search.yahoo.com%2Fsearch%2Fimages%3Fp%3DJasmine%2Bplant%26ei%3DUTF-8%26type%3DE210IN1589G0%26fr%3Dmcafee%26fr2%3Dp%253As%252Cv%253Ai%252Cm%253Asb-top%26tab%3Dorganic%26ri%3D9&w=1917&h=1917&imgurl=cdn.shopify.com%2Fs%2Ffiles%2F1%2F1419%2F7120%2Fproducts%2FPhilippine_Jasmine-1.ETGB.jpg%3Fv%3D1571439551&rurl=https%3A%2F%2Fwww.easytogrowbulbs.com%2Fcollections%2Ffragrant-flowers%2Fproducts%2Fjasmine-philippine-sweetly-scented&size=453KB&p=Jasmine+plant&oid=214039b45d02258f5d7b9a367af0bb24&fr2=p%3As%2Cv%3Ai%2Cm%3Asb-top&fr=mcafee&tt=Potted+White+Jasmine+Plant+For+Sale+%7C+Philippine+Jasmine+%E2%80%93+Easy+To+Grow+...&b=0&ni=160&no=9&ts=&tab=organic&sigr=IfL8c.y6LEpF&sigb=LXc1Odkml5ah&sigi=Wko90uEYTE1B&sigt=Pnpb_4shMA2o&.crumb=OZmGiL3vF57&fr=mcafee&fr2=p%3As%2Cv%3Ai%2Cm%3Asb-top&type=E210IN1589G0
,,,,,,,,,https://in.images.search.yahoo.com/images/view;_ylt=AwrKGFUXkaNnAFo46Ce9HAx.;_ylu=c2VjA3NyBHNsawNpbWcEb2lkAzYxYmY0YTA2ZGFiMGY3ZDJmOTI5MDk5ZjAyM2M0MWU1BGdwb3MDMwRpdANiaW5n?back=https%3A%2F%2Fin.images.search.yahoo.com%2Fsearch%2Fimages%3Fp%3DInsulin%2Bplant%26ei%3DUTF-8%26type%3DE210IN1589G0%26fr%3Dmcafee%26fr2%3Dp%253As%252Cv%253Ai%252Cm%253Asb-top%26tab%3Dorganic%26ri%3D3&w=1920&h=1280&imgurl=plantlet.org%2Fwp-content%2Fuploads%2F2021%2F08%2F1920px-IMG_2256-Chamaecostus_cuspidatus.jpg&rurl=https%3A%2F%2Fplantlet.org%2Finsulin-plant-our-home-remedy-for-diabetes%2F&size=248KB&p=Insulin+plant&oid=61bf4a06dab0f7d2f929099f023c41e5&fr2=p%3As%2Cv%3Ai%2Cm%3Asb-top&fr=mcafee&tt=Insulin+Plant%3A+Our+Home+Remedy+for+Diabetes+%3A+Plantlet&b=0&ni=160&no=3&ts=&tab=organic&sigr=yBPwsAfvBzmK&sigb=bZLe6cyrfowh&sigi=ouYnMYUrNSlS&sigt=12Y98KGzoBr0&.crumb=OZmGiL3vF57&fr=mcafee&fr2=p%3As%2Cv%3Ai%2Cm%3Asb-top&type=E210IN1589G0
